Date_measurement,RNA_flow_per_capita_GM0148_lowess_95_perc_ci_bottom,RNA_flow_per_capita_GM0148_lowess_95_perc_ci_top,RNA_flow_per_capita_GM0148_lowess
2020-03-30,,,
2020-03-31,,,
2020-04-01,,,
2020-04-02,,,
2020-04-03,,,
2020-04-04,,,
2020-04-05,,,
2020-04-06,,,
2020-04-07,,,
2020-04-08,,,
2020-04-09,,,
2020-04-10,,,
2020-04-11,,,
2020-04-12,,,
2020-04-13,,,
2020-04-14,,,
2020-04-15,,,
2020-04-16,,,
2020-04-17,,,
2020-04-18,,,
2020-04-19,,,
2020-04-20,,,
2020-04-21,,,
2020-04-22,,,
2020-04-23,,,
2020-04-24,,,
2020-04-25,,,
2020-04-26,,,
2020-04-27,,,
2020-04-28,,,
2020-04-29,,,
2020-04-30,,,
2020-05-01,,,
2020-05-02,,,
2020-05-03,,,
2020-05-04,,,
2020-05-05,,,
2020-05-06,,,
2020-05-07,,,
2020-05-08,,,
2020-05-09,,,
2020-05-10,,,
2020-05-11,,,
2020-05-12,,,
2020-05-13,,,
2020-05-14,,,
2020-05-15,,,
2020-05-16,,,
2020-05-17,,,
2020-05-18,,,
2020-05-19,,,
2020-05-20,,,
2020-05-21,,,
2020-05-22,,,
2020-05-23,,,
2020-05-24,,,
2020-05-25,,,
2020-05-26,,,
2020-05-27,,,
2020-05-28,,,
2020-05-29,,,
2020-05-30,,,
2020-05-31,,,
2020-06-01,,,
2020-06-02,,,
2020-06-03,,,
2020-06-04,,,
2020-06-05,,,
2020-06-06,,,
2020-06-07,,,
2020-06-08,,,
2020-06-09,,,
2020-06-10,,,
2020-06-11,,,
2020-06-12,,,
2020-06-13,,,
2020-06-14,,,
2020-06-15,,,
2020-06-16,,,
2020-06-17,,,
2020-06-18,,,
2020-06-19,,,
2020-06-20,,,
2020-06-21,,,
2020-06-22,,,
2020-06-23,,,
2020-06-24,,,
2020-06-25,,,
2020-06-26,,,
2020-06-27,,,
2020-06-28,,,
2020-06-29,,,
2020-06-30,,,
2020-07-01,,,
2020-07-02,,,
2020-07-03,,,
2020-07-04,,,
2020-07-05,,,
2020-07-06,,,
2020-07-07,,,
2020-07-08,,,
2020-07-09,,,
2020-07-10,,,
2020-07-11,,,
2020-07-12,,,
2020-07-13,,,
2020-07-14,,,
2020-07-15,,,
2020-07-16,,,
2020-07-17,,,
2020-07-18,,,
2020-07-19,,,
2020-07-20,,,
2020-07-21,,,
2020-07-22,,,
2020-07-23,,,
2020-07-24,,,
2020-07-25,,,
2020-07-26,,,
2020-07-27,,,
2020-07-28,,,
2020-07-29,,,
2020-07-30,,,
2020-07-31,,,
2020-08-01,,,
2020-08-02,,,
2020-08-03,,,
2020-08-04,,,
2020-08-05,,,
2020-08-06,,,
2020-08-07,,,
2020-08-08,,,
2020-08-09,,,
2020-08-10,,,
2020-08-11,,,
2020-08-12,,,
2020-08-13,,,
2020-08-14,,,
2020-08-15,,,
2020-08-16,,,
2020-08-17,,,
2020-08-18,,,
2020-08-19,,,
2020-08-20,,,
2020-08-21,,,
2020-08-22,,,
2020-08-23,,,
2020-08-24,,,
2020-08-25,,,
2020-08-26,,,
2020-08-27,,,
2020-08-28,,,
2020-08-29,,,
2020-08-30,,,
2020-08-31,,,
2020-09-01,,,
2020-09-02,,,
2020-09-03,,,
2020-09-04,,,
2020-09-05,1207846.6135628815,1691734.6500390097,1449790.6318009456
2020-09-06,1636580.1196345808,2043986.8875202467,1840283.5035774137
2020-09-07,2064708.6561546377,2400847.6369927763,2232778.146573707
2020-09-08,2491726.6957213623,2771462.525626525,2631594.6106739435
2020-09-09,2914325.013735599,3169502.0714249266,3041913.5425802628
2020-09-10,3330443.990089029,3607825.6365669183,3469134.8133279737
2020-09-11,3747112.277189903,4089052.845323723,3918082.561256813
2020-09-12,4175525.856631426,4608657.954996986,4392091.905814206
2020-09-13,4621393.329372731,5159786.1460380135,4890589.737705372
2020-09-14,5077468.290103347,5727421.250270947,5402444.770187147
2020-09-15,5517851.230848306,6291484.184510832,5904667.707679569
2020-09-16,6235521.88771741,7199661.478421186,6717591.683069298
2020-09-17,6887905.012951067,8120150.287829928,7504027.650390497
2020-09-18,7545633.630679166,9166035.097658444,8355834.364168805
2020-09-19,8634155.999221593,10769973.251386926,9702064.62530426
2020-09-20,10323721.75432144,13090875.04898324,11707298.40165234
2020-09-21,12656278.9241539,16203918.418792563,14430098.671473231
2020-09-22,15847908.837008717,20416128.243938155,18132018.540473435
2020-09-23,20494633.375289876,26441627.756269123,23468130.5657795
2020-09-24,25675006.240121033,33551110.80275396,29613058.521437496
2020-09-25,29258698.303799532,39779317.361225285,34519007.83251241
2020-09-26,30451410.592952736,44274106.50297592,37362758.54796433
2020-09-27,30534657.899697803,48013115.59021244,39273886.74495512
2020-09-28,31430079.037498973,52461820.7516553,41945949.89457714
2020-09-29,33371995.90222139,57566988.32369054,45469492.112955965
2020-09-30,36493845.64653637,63490765.22647209,49992305.43650423
2020-10-01,40989041.47518884,70607955.40259948,55798498.43889416
2020-10-02,46553437.5587017,78844971.87954976,62699204.719125725
2020-10-03,52109735.09251323,86875363.06127056,69492549.0768919
2020-10-04,56656064.80619235,93659192.56791602,75157628.68705419
2020-10-05,60412223.87576404,99345229.80520195,79878726.840483
2020-10-06,63875721.74702919,103831006.1839386,83853363.96548389
2020-10-07,67313477.58100049,106091734.99595444,86702606.28847747
2020-10-08,70554600.99254088,105636696.06341617,88095648.52797852
2020-10-09,73872156.68643363,103757727.94228695,88814942.31436029
2020-10-10,77425445.24442467,101890775.13544682,89658110.18993574
2020-10-11,80574118.28932272,100126413.77475287,90350266.0320378
2020-10-12,81613951.5620232,96986578.43394825,89300264.99798572
2020-10-13,79505445.41483828,91418451.56804886,85461948.49144357
2020-10-14,74446195.606069,83609219.40775207,79027707.50691053
2020-10-15,68077451.10353826,75209188.86322783,71643319.98338304
2020-10-16,62401370.458503954,68221069.75213979,65311220.10532187
2020-10-17,58581246.62788098,63707878.22048827,61144562.42418463
2020-10-18,57042667.20794127,61902126.786964335,59472396.9974528
2020-10-19,56938550.21161616,61788503.34234725,59363526.776981704
2020-10-20,57207714.965287596,62222851.701529846,59715283.33340872
2020-10-21,57158892.738666184,62496590.81463318,59827741.77664968
2020-10-22,56480336.2776053,62335860.10893848,59408098.19327189
2020-10-23,55114666.7249476,61829344.37407465,58472005.54951113
2020-10-24,53158641.04188731,61345173.20388673,57251907.12288702
2020-10-25,50892108.45481791,61334274.37684291,56113191.41583041
2020-10-26,48877053.62864555,62228678.521756075,55552866.07520081
2020-10-27,47724348.410034895,64304577.96819955,56014463.18911722
2020-10-28,47747673.70263328,67658585.18001176,57703129.44132252
2020-10-29,49087587.71037264,72430647.79078785,60759117.750580244
2020-10-30,52129090.49041091,79104647.49190116,65616868.991156034
2020-10-31,57489229.0360457,88409643.43789625,72949436.23697098
2020-11-01,65561373.4583234,100758215.43343216,83159794.44587778
2020-11-02,76193015.90085918,115726162.18409786,95959589.04247852
2020-11-03,88992925.01411484,132276639.60930733,110634782.31171109
2020-11-04,103648375.65984324,149495015.06420642,126571695.36202483
2020-11-05,118955019.54163699,166078796.02989763,142516907.78576732
2020-11-06,133420860.17757663,179807996.0994884,156614428.13853252
2020-11-07,145118381.5115489,189356498.54694965,167237440.02924928
2020-11-08,152139941.3444067,194506926.46903548,173323433.9067211
2020-11-09,153575021.6099831,195098671.83178496,174336846.72088403
2020-11-10,149453104.0362687,191112152.7007283,170282628.3684985
2020-11-11,140387089.8431442,182898376.25292066,161642733.04803243
2020-11-12,127283917.8507024,171047752.0237149,149165834.93720865
2020-11-13,111423405.12971905,156229910.06247553,133826657.59609729
2020-11-14,94345429.47831127,139152271.40293095,116748850.44062111
2020-11-15,77417099.62799391,120548201.75136542,98982650.68967967
2020-11-16,61306125.106236264,101349154.20437483,81327639.65530555
2020-11-17,46323490.60786727,82500189.35319209,64411839.98052968
2020-11-18,33029476.295556568,65078337.22357949,49053906.75956803
2020-11-19,22233568.041573778,50031889.19058977,36132728.616081774
2020-11-20,14636355.859214943,37879180.59169325,26257768.225454096
2020-11-21,10530814.242328266,28693470.26272732,19612142.252527792
2020-11-22,9671319.36538641,22453505.91935257,16062412.64236949
2020-11-23,11214648.794979742,19332737.493301205,15273693.144140473
2020-11-24,13877770.133920375,19243780.24651429,16560775.190217333
2020-11-25,16834295.91454298,21147945.349349923,18991120.631946452
2020-11-26,19843821.115961216,23666246.053725503,21755033.58484336
2020-11-27,22581936.174919836,26096552.729247853,24339244.452083845
2020-11-28,24672025.484856337,28105794.21207881,26388909.848467574
2020-11-29,25882797.053181753,29543116.178897165,27712956.61603946
2020-11-30,26362724.9243057,30587674.236837327,28475199.580571514
2020-12-01,26674573.410557464,31788682.637922294,29231628.02423988
2020-12-02,27235565.24035194,33504579.98626895,30370072.613310445
2020-12-03,28281483.158710077,35860193.29975639,32070838.229233235
2020-12-04,29888959.073874854,38789586.47477306,34339272.774323955
2020-12-05,31995497.28509514,42097518.59667832,37046507.94088673
2020-12-06,34412486.01952412,45506995.69392788,39959740.856726
2020-12-07,36916857.653941676,48760464.72606565,42838661.19000366
2020-12-08,39443199.19567085,51798092.66223233,45620645.92895159
2020-12-09,42188793.592434235,54837567.4892761,48513180.54085517
2020-12-10,45182580.21504788,57920115.98927146,51551348.10215967
2020-12-11,48363427.538205884,60980712.457045235,54672069.99762556
2020-12-12,51939325.48430009,64219600.669241026,58079463.07677056
2020-12-13,56200970.2928766,67936809.58099172,62068889.93693416
2020-12-14,61026697.47854061,72057448.41486703,66542072.94670382
2020-12-15,65818984.86592985,76079034.95793268,70949009.91193126
2020-12-16,70058385.15764624,79614671.18277407,74836528.17021015
2020-12-17,73691420.7753866,82734614.21651262,78213017.49594961
2020-12-18,77135894.15163764,85910783.3766157,81523338.76412667
2020-12-19,80668232.06928399,89382782.207522,85025507.138403
2020-12-20,83910331.40967448,92689130.62619068,88299731.01793258
2020-12-21,86811743.28034978,95704100.50593327,91257921.89314152
2020-12-22,89223011.31256363,98228693.00742036,93725852.159992
2020-12-23,90666598.34188566,99752865.22216105,95209731.78202336
2020-12-24,90535466.61170667,99647759.32832053,95091612.9700136
2020-12-25,88799317.06227404,97873098.07332766,93336207.56780085
2020-12-26,86124392.38463028,95099926.53532882,90612159.45997955
2020-12-27,82966039.6710194,91804432.09965676,87385235.88533808
2020-12-28,79315639.86662321,88009108.67929955,83662374.27296138
2020-12-29,75638369.0112767,84211342.68884464,79924855.85006067
2020-12-30,72393288.24680766,80898251.3311401,76645769.78897388
2020-12-31,69466354.92466113,77975212.98568287,73720783.955172
2021-01-01,66522531.70332334,75113633.02574064,70818082.364532
2021-01-02,63808264.196526535,72551783.80252579,68180023.99952616
2021-01-03,62389762.188669965,71341533.1432814,66865647.66597568
2021-01-04,63067556.87304687,72270929.81563191,67669243.34433939
2021-01-05,66292425.488192186,75783338.86485232,71037882.17652225
2021-01-06,72190380.42281553,81996537.04637116,77093458.73459335
2021-01-07,80232527.58751166,90367696.93397221,85300112.26074193
2021-01-08,88859179.22725934,99318977.2016679,94089078.21446362
2021-01-09,96053321.61852574,106815115.93339747,101434218.77596161
2021-01-10,101083887.36472967,112109661.68925932,106596774.5269945
2021-01-11,104753791.56138003,115995557.54370797,110374674.552544
2021-01-12,108329245.35251933,119737772.78855956,114033509.07053944
2021-01-13,112014866.34044527,123545216.70892201,117780041.52468364
2021-01-14,115362740.4820755,126979642.76463129,121171191.62335339
2021-01-15,118138238.20146407,129822655.83919032,123980447.0203272
2021-01-16,119992889.0649329,131746318.13064392,125869603.59778841
2021-01-17,119951463.97577646,131800334.38686618,125875899.18132132
2021-01-18,117198135.86214249,129203290.27651794,123200713.06933022
2021-01-19,112224980.71284567,124486231.90828823,118355606.31056695
2021-01-20,106448969.91289133,119100321.7757794,112774645.84433536
2021-01-21,100846839.44236067,114045799.87736979,107446319.65986523
2021-01-22,95355946.36223449,109261337.39300568,102308641.87762009
2021-01-23,89845297.41082622,104581525.70971812,97213411.56027217
2021-01-24,84363936.89772314,99991142.3718842,92177539.63480367
2021-01-25,79148904.50443551,95653616.74169216,87401260.62306383
2021-01-26,74633278.09043123,91928147.82934876,83280712.95989
2021-01-27,71291037.92144854,89219275.10130255,80255156.51137555
2021-01-28,69526205.19825797,87876731.4309674,78701468.31461269
2021-01-29,69470166.75209472,88010849.25509602,78740508.00359537
2021-01-30,70633879.1334619,89151161.1265971,79892520.1300295
2021-01-31,72236711.44355872,90555931.18154737,81396321.31255305
2021-02-01,73979024.46426772,91968762.82760368,82973893.6459357
2021-02-02,75906333.8928141,93480000.48556903,84693167.18919156
2021-02-03,77864070.99873252,94979964.26222576,86422017.63047914
2021-02-04,79441267.05098008,96104105.18230195,87772686.11664101
2021-02-05,80169589.24730113,96434832.47952262,88302210.86341187
2021-02-06,79638439.4146749,95606336.8225014,87622388.11858815
2021-02-07,77500047.71888953,93292854.19556543,85396450.95722748
2021-02-08,73541742.6198212,89268830.68421353,81405286.65201737
2021-02-09,67729160.04582058,83456397.57699461,75592778.8114076
2021-02-10,60251250.74135779,75992557.73432343,68121904.23784061
2021-02-11,51522192.25730556,67245693.49187906,59383942.87459231
2021-02-12,42286995.636532396,57931577.36033243,50109286.49843241
2021-02-13,33621242.545771435,49112369.903493434,41366806.224632435
2021-02-14,26496244.649327572,41752743.18463886,34124493.91698322
2021-02-15,21918228.151712984,36852500.80341235,29385364.477562666
2021-02-16,20243766.385445345,34762133.14999659,27502949.76772097
2021-02-17,20814976.738509886,34823549.900179185,27819263.319344535
2021-02-18,22491263.519373465,35901227.495353706,29196245.507363588
2021-02-19,24461358.24691251,37195251.82326072,30828305.035086613
2021-02-20,26461846.0986213,38460851.60814755,32461348.853384424
2021-02-21,28652911.464428924,39884325.28170579,34268618.37306736
2021-02-22,31440762.79330445,41902047.81962102,36671405.306462735
2021-02-23,35007258.517146714,44728108.56151555,39867683.53933113
2021-02-24,39228558.18099354,48267618.98476991,43748088.58288173
2021-02-25,43708942.771018565,52146780.357602656,47927861.56431061
2021-02-26,47895813.954441525,55827070.42375345,51861442.18909749
2021-02-27,51113881.00230938,58637496.881599024,54875688.9419542
2021-02-28,53234084.670085385,60444491.02003382,56839287.8450596
2021-03-01,54601479.22521992,61577311.13849597,58089395.18185794
2021-03-02,55727336.94429848,62520937.14542232,59124137.0448604
2021-03-03,56985321.60729885,63622310.14023301,60303815.87376593
2021-03-04,58347693.394652955,64834863.43031179,61591278.41248237
2021-03-05,59554811.17050422,65890781.52582612,62722796.34816517
2021-03-06,60198195.42492673,66383056.93722272,63290626.18107472
2021-03-07,60008250.47976122,66047841.80579255,63028046.142776884
2021-03-08,58920722.72274496,64827117.11819039,61873919.920467675
2021-03-09,57100161.046396226,62891003.938960984,59995582.492678605
2021-03-10,54680609.299189575,60382216.00202506,57531412.65060732
2021-03-11,51772843.73350174,57423147.95259609,54597995.843048915
2021-03-12,48673095.71903543,54321655.09604387,51497375.40753965
2021-03-13,45860388.331162,51567971.39442507,48714179.862793535
2021-03-14,43778773.824136086,49614251.33268223,46696512.57840916
2021-03-15,42572963.19653019,48606343.77196209,45589653.48424614
2021-03-16,42126791.275961295,48417753.04983568,45272272.16289849
2021-03-17,42414381.32712611,49000055.884165786,45707218.60564595
2021-03-18,43823230.59649513,50708202.266909145,47265716.43170214
2021-03-19,46556588.23710393,53707710.00669641,50132149.12190017
2021-03-20,50709914.540135756,58057372.85640237,54383643.69826906
2021-03-21,56360162.25144264,63804826.66221711,60082494.456829876
2021-03-22,63317399.15728363,70741290.95585398,67029345.0565688
2021-03-23,70828381.99879488,78105597.96856797,74466989.98368143
2021-03-24,77687592.43699814,84692264.04279916,81189928.23989865
2021-03-25,82851296.54689491,89464222.4349154,86157759.49090515
2021-03-26,85828487.15004697,91943786.59419653,88886136.87212175
2021-03-27,86625873.63790135,92157841.92787586,89391857.7828886
2021-03-28,85677827.544599,90567659.93809462,88122743.7413468
2021-03-29,83371970.75592086,87593681.37264407,85482826.06428246
2021-03-30,79565808.45283097,83130001.40407872,81347904.92845485
2021-03-31,74661106.72913387,77614602.20517159,76137854.46715273
2021-04-01,69310726.67259116,71729684.7922308,70520205.73241098
2021-04-02,63808185.71365158,65786584.182319075,64797384.94798533
2021-04-03,58145347.616890505,59782495.649454564,58963921.633172534
2021-04-04,52550887.455160946,53940246.10482797,53245566.77999446
2021-04-05,47635758.73786219,48855184.210883416,48245471.474372804
2021-04-06,44070320.82032089,45175775.70571712,44623048.263019
2021-04-07,42227252.180758655,43254047.11623675,42740649.6484977
2021-04-08,42153533.27012959,43122292.65238646,42637912.961258024
2021-04-09,43762111.93630092,44685287.45634937,44223699.696325146
2021-04-10,46560592.122442015,47447070.756382205,47003831.43941211
2021-04-11,49720292.87775831,50577881.06321335,50149086.97048583
2021-04-12,52590199.171808705,53426751.97470833,53008475.57325852
2021-04-13,54975298.338312544,55799727.974106215,55387513.15620938
2021-04-14,56951191.0111153,57774568.2011102,57362879.60611275
2021-04-15,58674205.423532754,59511439.90294987,59092822.66324131
2021-04-16,60049471.97588628,60923991.18725934,60486731.58157281
2021-04-17,60737336.32203895,61690454.10199325,61213895.2120161
2021-04-18,60629502.527482174,61734397.29025889,61181949.90887053
2021-04-19,59626238.4237877,61003449.00442301,60314843.71410535
2021-04-20,57732714.16879035,59556844.61928139,58644779.39403587
2021-04-21,55070093.16880802,57561700.74557678,56315896.9571924
2021-04-22,51784427.78549201,55203478.60813161,53493953.19681181
2021-04-23,47980706.0769718,52617561.9635362,50299134.020254
2021-04-24,43675399.18903003,49828154.967128836,46751777.07807943
2021-04-25,38776125.92770037,46715375.87871149,42745750.90320593
2021-04-26,33162264.50773096,43092546.964218035,38127405.7359745
2021-04-27,26888816.759299256,38923387.01800803,32906101.888653643
2021-04-28,20317923.800828576,34470771.50799222,27394347.6544104
2021-04-29,14126738.341471069,30317607.02489,22222172.683180533
2021-04-30,9521085.002617259,27586761.524185304,18553923.26340128
2021-05-01,9471403.152470086,29178613.797056008,19325008.474763047
2021-05-02,16359029.296223134,37416444.93118836,26887737.113705747
2021-05-03,25233790.273950785,47302419.90147366,36268105.08771222
2021-05-04,29894359.283309825,52600416.66635264,41247387.97483123
2021-05-05,30704066.48622962,53658717.141559,42181391.81389431
2021-05-06,29841641.164402127,52669542.173960134,41255591.66918113
2021-05-07,28938254.47041844,51309290.043862805,40123772.25714062
2021-05-08,29577040.198471937,51228452.328670815,40402746.263571374
2021-05-09,33663735.9081068,54411688.85412151,44037712.381114155
2021-05-10,41820732.27599581,61569764.164487906,51695248.22024186
2021-05-11,47097808.46440244,65844857.89254013,56471333.17847128
2021-05-12,41671211.45379328,59501007.13711778,50586109.29545553
2021-05-13,32451906.634038836,49517764.72153179,40984835.677785315
2021-05-14,24994892.963254362,41491097.8812931,33242995.422273733
2021-05-15,19235293.603045076,35369230.378785275,27302261.990915176
2021-05-16,14664753.634794258,30637788.526392236,22651271.080593247
2021-05-17,11238289.850313272,27238571.10096058,19238430.475636926
2021-05-18,9223652.141638793,25423423.668734066,17323537.90518643
2021-05-19,8866366.232689502,25415048.16592426,17140707.19930688
2021-05-20,10085882.725094736,27101826.229592875,18593854.477343805
2021-05-21,12694817.250307584,30259450.90751023,21477134.078908905
2021-05-22,16417923.815843707,34572951.6196336,25495437.717738654
2021-05-23,20931319.51653087,39682111.30912714,30306715.412829004
2021-05-24,25892077.60818868,45218579.6410281,35555328.62460839
2021-05-25,31027465.388749912,50895320.88116953,40961393.13495972
2021-05-26,36193204.44351972,56564921.813870914,46379063.12869532
2021-05-27,41274357.43157455,62118358.809806734,51696358.120690644
2021-05-28,46107616.17838597,67401481.7916452,56754548.985015586
2021-05-29,50444783.351236895,72176300.62434742,61310541.98779216
2021-05-30,53944510.14579967,76113292.59141704,65028901.368608356
2021-05-31,56195010.205485955,78810751.93693776,67502881.07121186
2021-06-01,56780184.12294145,79855421.74329121,68317802.93311633
2021-06-02,55451989.93370356,78995146.64225344,67223568.2879785
2021-06-03,52245102.97473621,76253230.31639746,64249166.645566836
2021-06-04,47459932.70580551,71909351.30410922,59684642.00495736
2021-06-05,41523645.392097086,66362594.690890074,53943120.04149358
2021-06-06,34918049.511672914,60065712.706440896,47491881.109056905
2021-06-07,28144413.970458288,53500070.79605676,40822242.38325752
2021-06-08,21627855.51916838,47083506.997698486,34355681.25843343
2021-06-09,15640144.83698324,41090548.05756632,28365346.44727478
2021-06-10,10280639.795039743,35632968.60255563,22956804.198797688
2021-06-11,5569731.329835892,30749822.51947795,18159776.92465692
2021-06-12,1546734.5365041997,26501135.173944525,14023934.855224362
2021-06-13,0.0,22982300.17149502,10633933.422553789
2021-06-14,0.0,20314253.91247,8099203.2075770665
2021-06-15,0.0,18640138.486487687,6552628.644589772
2021-06-16,0.0,18051100.964013003,6079194.23140418
2021-06-17,0.0,18506138.5800692,6637616.470996753
2021-06-18,0.0,19821913.505677335,8051893.696705936
2021-06-19,0.0,21787008.4660977,10124700.622968186
2021-06-20,1302369.1660765056,24358748.841175675,12830559.00362609
2021-06-21,4839652.452532221,27542481.05066582,16191066.75159902
2021-06-22,9110920.04175681,31347285.112890095,20229102.57732345
2021-06-23,14171833.17512905,35809651.48923321,24990742.33218113
2021-06-24,20054424.85585119,40953720.904586725,30504072.880218957
2021-06-25,26593302.793980077,46616651.80610387,36604977.30004197
2021-06-26,33382754.7636002,52406890.66662234,42894822.71511127
2021-06-27,39879661.23411839,57806875.45508577,48843268.34460208
2021-06-28,45531851.20826393,62300966.12971543,53916408.66898968
2021-06-29,49870498.41182775,65466680.185684614,57668589.29875618
2021-06-30,52561034.87742941,67023794.15325163,59792414.51534052
2021-07-01,53459028.5943369,66885616.17141512,60172322.38287601
2021-07-02,52621591.531007804,65161856.14488966,58891723.83794873
2021-07-03,50313791.794019654,62158739.818500414,56236265.806260034
2021-07-04,47071926.85735585,58434156.37691647,52753041.61713616
2021-07-05,43547656.03418516,54641620.75554439,49094638.394864775
2021-07-06,40207661.82845319,51233168.315125175,45720415.07178918
2021-07-07,37269504.8460647,48398382.6056031,42833943.7258339
2021-07-08,34774599.12765055,46145335.26130352,40459967.19447704
2021-07-09,32705941.728287004,44428282.43820491,38567112.083245955
2021-07-10,31186296.032993898,43348282.58437079,37267289.308682345
2021-07-11,30737905.19450862,43410718.83501833,37074312.014763474
2021-07-12,31923947.97914828,45163222.659119725,38543585.319134004
2021-07-13,34769944.44372885,48614879.88616125,41692412.16494505
2021-07-14,39228010.693580694,53696284.37696756,46462147.535274126
2021-07-15,45051279.35869458,60134462.907982856,52592871.13333872
2021-07-16,51780946.631412424,67444241.09243448,59612593.86192345
2021-07-17,58888430.9706571,75076825.74656565,66982628.35861138
2021-07-18,65883788.673053525,82530762.10957852,74207275.39131603
2021-07-19,72521771.24454334,89555649.89056602,81038710.56755468
2021-07-20,79428353.7493996,96776478.69315794,88102416.22127877
2021-07-21,87519638.20677236,105109421.38734326,96314529.7970578
2021-07-22,96966887.23203167,114723286.07138777,105845086.65170972
2021-07-23,107036713.19362842,124883303.54842295,115960008.37102568
2021-07-24,116896774.66567552,134756220.19681528,125826497.4312454
2021-07-25,126170267.86066379,143965377.1049236,135067822.4827937
2021-07-26,134965135.02349368,152636243.77679297,143800689.40014333
2021-07-27,143419278.68325305,160949280.51876968,152184279.60101137
2021-07-28,151869250.62807795,169281841.06470343,160575545.8463907
2021-07-29,160556199.75428435,177918968.4173818,169237584.08583307
2021-07-30,169150881.94755146,186583035.0778692,177866958.51271033
2021-07-31,177227691.45781344,194885636.57882106,186056664.01831725
2021-08-01,181772518.5000691,199815435.20641807,190793976.8532436
2021-08-02,176294738.92478833,194851864.2656575,185573301.59522292
2021-08-03,165746036.75599343,184896596.42887926,175321316.59243634
2021-08-04,155315259.01910153,175073233.96044746,165194246.4897745
2021-08-05,145318961.96787328,165626916.50659645,155472939.23723486
2021-08-06,136881459.2014655,157618008.5354948,147249733.86848015
2021-08-07,132645740.7408449,153646618.13258225,143146179.43671358
2021-08-08,131925427.51197341,153004270.17614707,142464848.84406024
2021-08-09,126614756.770432,147568528.71378243,137091642.7421072
2021-08-10,112014156.87404239,132618631.46774334,122316394.17089286
2021-08-11,94438360.13602889,114459293.00407282,104448826.57005085
2021-08-12,79263580.50611119,98478118.98951761,88870849.7478144
2021-08-13,67555754.99268974,85770951.42069109,76663353.20669042
2021-08-14,58744701.080199055,75821040.48766366,67282870.78393136
2021-08-15,52869052.05369011,68744668.42758825,60806860.24063918
2021-08-16,49462446.64880532,64165144.16543229,56813795.407118805
2021-08-17,47662305.81696354,61308746.52104558,54485526.16900456
2021-08-18,46790899.6633659,59579098.48384598,53184999.07360594
2021-08-19,46375177.475669526,58562863.92822348,52469020.701946504
2021-08-20,45772840.706883684,57641188.66220099,51707014.684542336
2021-08-21,44730033.44263928,56541639.86403093,50635836.6533351
2021-08-22,43266032.64916692,55230500.816511415,49248266.73283917
2021-08-23,41550942.08068736,53804350.71067673,47677646.395682044
2021-08-24,39636511.85351513,52233232.94946355,45934872.40148934
2021-08-25,37362429.54551289,50274327.68721203,43818378.61636246
2021-08-26,34528720.319110624,47651251.37412027,41089985.84661545
2021-08-27,31010384.614206173,44175011.61199372,37592698.11309995
2021-08-28,26874584.68813691,39864194.67813441,33369389.68313566
2021-08-29,22494945.533919826,35063653.13819821,28779299.33605902
2021-08-30,18481235.91377359,30377928.914569005,24429582.414171297
2021-08-31,15348884.112195,26341443.639956757,20845163.87607588
2021-09-01,13247163.220635448,23146566.474898506,18196864.847766977
2021-09-02,11931467.53294542,20614035.62812538,16272751.5805354
2021-09-03,11033607.921356471,18455080.551636696,14744344.236496583
2021-09-04,10428585.894384986,16621126.287620397,13524856.091002692
2021-09-05,10044960.34088784,15098806.020102758,12571883.1804953
2021-09-06,9751441.430094682,13791921.122948337,11771681.27652151
2021-09-07,9447385.403209886,12620825.764637431,11034105.583923658
2021-09-08,9105677.618002366,11575646.182752848,10340661.900377607
2021-09-09,8750503.57936078,10694405.791071855,9722454.685216317
2021-09-10,8420985.301606117,10019321.08128188,9220153.191443998
2021-09-11,8104979.536506558,9522655.152490733,8813817.344498646
2021-09-12,7764834.449805824,9130682.53859328,8447758.494199552
2021-09-13,7453786.870697932,8851142.69792261,8152464.784310271
2021-09-14,7229301.22308016,8703295.088669179,7966298.15587467
2021-09-15,7101291.513275774,8673756.687690273,7887524.100483024
2021-09-16,7039784.972525939,8723613.859981658,7881699.416253799
2021-09-17,7093248.36726386,8904437.270663906,7998842.818963883
2021-09-18,7613229.620962567,9579145.38027995,8596187.50062126
2021-09-19,8858003.246515505,11020963.215071429,9939483.230793467
2021-09-20,10613590.987502526,13030314.047595505,11821952.517549016
2021-09-21,12521568.101306187,15263536.25943947,13892552.180372829
2021-09-22,14329245.72008729,17487018.164535485,15908131.942311388
2021-09-23,15825907.39501206,19515688.18878998,17670797.79190102
2021-09-24,16854061.965806827,21219189.321096107,19036625.643451467
2021-09-25,17514176.556068506,22718486.317960624,20116331.437014565
2021-09-26,18155033.054547966,24375135.129151225,21265084.091849595
2021-09-27,19103292.99625554,26525095.43645727,22814194.216356404
2021-09-28,20390555.22482087,29206558.28909542,24798556.756958146
2021-09-29,21810203.58129956,32210188.701977067,27010196.141638312
2021-09-30,22929165.64982354,35091213.03464516,29010189.34223435
2021-10-01,22912965.59969684,37002673.17323871,29957819.386467773
2021-10-02,21535097.535247974,37706754.65742233,29620926.09633515
2021-10-03,20936603.02237191,39319325.157104656,30127964.089738283
2021-10-04,22317699.35482163,42976248.4242935,32646973.889557566
2021-10-05,25241013.857836608,48121294.9579943,36681154.40791545
2021-10-06,28363256.365869053,53263869.56715689,40813562.96651297
2021-10-07,30952605.120043986,57552358.616039254,44252481.86804162
2021-10-08,32878414.10445479,60803193.416402206,46840803.760428496
2021-10-09,34734530.50364823,63631147.29657186,49182838.90011004
2021-10-10,36985304.45819167,66577687.92061954,51781496.189405605
2021-10-11,38991024.66666791,69097815.01911016,54044419.84288903
2021-10-12,41189904.25940474,71697435.32807453,56443669.79373963
2021-10-13,46792422.42615565,77607211.06230555,62199816.744230606
2021-10-14,56022082.038774215,87045933.42022794,71534007.72950108
2021-10-15,65166259.11497038,96295506.64717662,80730882.8810735
2021-10-16,72857370.43643889,103998003.59479645,88427687.01561767
2021-10-17,79372393.00752904,110446157.79444213,94909275.40098558
2021-10-18,84864950.09897073,115807159.55299588,100336054.8259833
2021-10-19,89296134.90399808,120051484.20411354,104673809.55405581
2021-10-20,92719966.13655405,123218915.03301315,107969440.5847836
2021-10-21,96105663.97641647,126249430.69804585,111177547.33723116
2021-10-22,100470437.32507539,130124813.68032157,115297625.50269848
2021-10-23,105268379.99540636,134261629.2810534,119765004.63822988
2021-10-24,108933714.68657611,137075642.23943803,123004678.46300708
2021-10-25,110776110.51453812,137928298.68317392,124352204.59885602
2021-10-26,110917913.71186018,137048428.9841128,123983171.34798649
2021-10-27,109528249.46800336,134739128.41143477,122133688.93971907
2021-10-28,106529645.07646388,131033904.078747,118781774.57760544
2021-10-29,102114244.33684352,126147902.28723279,114131073.31203815
2021-10-30,96954022.82622749,120696774.54192454,108825398.68407601
2021-10-31,92022289.7009932,115580007.87439017,103801148.78769168
2021-11-01,88991822.47186272,112428121.78400744,100709972.12793508
2021-11-02,88487849.79187447,111873427.33158839,100180638.56173143
2021-11-03,89152221.23987006,112615673.34534554,100883947.2926078
2021-11-04,89094318.48810883,112855506.30523677,100974912.3966728
2021-11-05,87171794.74214904,111557473.17050473,99364633.95632689
2021-11-06,83723810.81225571,109130607.5131258,96427209.16269076
2021-11-07,80437725.99019597,107251320.20525895,93844523.09772746
2021-11-08,80047024.72678228,108548520.58612482,94297772.65645355
2021-11-09,84542707.55402054,114837030.06037827,99689868.8071994
2021-11-10,92894255.36429992,124883161.97075546,108888708.66752769
2021-11-11,103076262.27162862,136495679.7359716,119785971.00380011
2021-11-12,114339284.67632918,148837974.19590318,131588629.43611617
2021-11-13,127759941.77087349,162960641.17719477,145360291.47403413
2021-11-14,144179893.42731914,179671933.27297673,161925913.35014793
2021-11-15,161755219.14511126,197098283.86759198,179426751.50635162
2021-11-16,178267494.8154667,212969419.27424753,195618457.0448571
2021-11-17,194368973.31479263,227911421.06917924,211140197.19198593
2021-11-18,211005347.5361636,242910190.24702618,226957768.8915949
2021-11-19,225180802.7190334,255091053.1039298,240135927.9114816
2021-11-20,235325652.7035328,263103322.01852146,249214487.36102712
2021-11-21,244242448.00124827,270017806.68130827,257130127.34127825
2021-11-22,253712298.69233814,277821347.50527185,265766823.09880498
2021-11-23,263722754.02000618,286589796.5350822,275156275.2775442
2021-11-24,270069688.55401593,292099337.8245438,281084513.18927985
2021-11-25,268380685.90480408,289871660.530522,279126173.21766305
2021-11-26,261178954.79808325,282300153.3338217,271739554.0659525
2021-11-27,253008853.80865693,273808536.31704706,263408695.062852
2021-11-28,245019920.57172927,265441594.22496,255230757.39834464
2021-11-29,238270171.69976234,258237500.02766967,248253835.863716
2021-11-30,234126162.9687428,253610095.31682134,243868129.14278206
2021-12-01,233380068.2586038,252444536.01036793,242912302.13448587
2021-12-02,235605432.92967203,254432024.5015863,245018728.71562916
2021-12-03,238809801.8088025,257689157.44297487,248249479.62588868
2021-12-04,240661069.73109445,259945745.36485073,250303407.5479726
2021-12-05,239752310.5304489,259781145.65562248,249766728.0930357
2021-12-06,236227437.88881692,257227512.7033504,246727475.29608366
2021-12-07,231310366.0948301,253330036.15167683,242320201.12325346
2021-12-08,226698788.0756962,249612977.78256574,238155882.92913097
2021-12-09,222850049.9489063,246424029.1237672,234637039.53633675
2021-12-10,218628604.08735013,242612665.7617755,230620634.9245628
2021-12-11,212649871.7876337,236834858.46494266,224742365.12628818
2021-12-12,203771433.29275966,227983893.31959444,215877663.30617705
2021-12-13,191926394.13837966,216004884.78160617,203965639.45999292
2021-12-14,178413682.57893836,202203677.50604934,190308680.04249385
2021-12-15,164081611.59474102,187446926.80418298,175764269.199462
2021-12-16,150653095.70160353,173500937.1447423,162077016.42317292
2021-12-17,140927562.3441316,163216671.9018523,152072117.12299195
2021-12-18,135219578.27360803,156939632.406119,146079605.3398635
2021-12-19,131740869.70796114,152887944.69463962,142314407.20130038
2021-12-20,129413401.85976948,149982396.3877795,139697899.1237745
2021-12-21,127561712.52684826,147547818.11800772,137554765.322428
2021-12-22,124663390.6736447,144062289.56290996,134362840.11827734
2021-12-23,119809712.05567859,138614150.76821885,129211931.41194873
2021-12-24,113615473.53922942,131805503.29096356,122710488.41509649
2021-12-25,107648141.35930689,125189342.10558142,116418741.73244415
2021-12-26,103479249.41120149,120343772.92406546,111911511.16763347
2021-12-27,100893986.31778827,117105362.49773291,108999674.40776059
2021-12-28,98518219.44364929,114190040.78057301,106354130.11211115
2021-12-29,94949153.54516543,110283640.50085138,102616397.0230084
2021-12-30,89792457.51363651,105040327.92473401,97416392.71918526
2021-12-31,83443332.08583221,98845380.89743122,91144356.49163172
2022-01-01,76639273.31102075,92378165.25698365,84508719.2840022
2022-01-02,70525509.06984386,86703998.26713824,78614753.66849105
2022-01-03,66225134.40492383,82881339.74154806,74553237.07323594
2022-01-04,64331180.40843745,81488868.65122618,72910024.52983181
2022-01-05,64774449.87989658,82501232.0041174,73637840.94200699
2022-01-06,67018892.91220943,85450371.96644743,76234632.43932843
2022-01-07,70244283.9980347,89633275.45864753,79938779.72834112
2022-01-08,73784429.39495619,94592938.73470138,84188684.06482878
2022-01-09,77498636.90634106,100511408.95581965,89005022.93108036
2022-01-10,82580535.14121726,109055478.26545274,95818006.703335
2022-01-11,90075471.00487864,121596524.04181686,105835997.52334775
2022-01-12,99429977.37982051,137477812.7601568,118453895.06998865
2022-01-13,110276655.32697225,155395965.1465819,132836310.23677707
2022-01-14,122728578.55404785,174260779.383428,148494678.96873793
2022-01-15,136715253.45287246,193552587.14422053,165133920.2985465
2022-01-16,152407330.08362615,214021051.83859777,183214190.96111196
2022-01-17,170116869.3441838,236221666.65496612,203169267.99957496
2022-01-18,190029101.0983047,260561724.3559686,225295412.72713664
2022-01-19,211084692.2654777,286344500.2436,248714596.25453886
2022-01-20,232258916.55080783,313086519.05663705,272672717.80372244
2022-01-21,252840254.23133987,340211065.6811635,296525659.9562517
2022-01-22,272920814.5608641,367388990.11553454,320154902.3381993
2022-01-23,293163753.0838509,394382538.83482426,343773145.9593376
2022-01-24,314721558.9629913,420871678.82671934,367796618.8948553
2022-01-25,336799058.161542,445318402.36235815,391058730.2619501
2022-01-26,358645960.57394195,467337021.18485224,412991490.8793971
2022-01-27,381906133.45022833,489694058.2892624,435800095.8697454
2022-01-28,405804618.7652366,513432364.1076431,459618491.4364399
2022-01-29,427116192.05465305,536760876.14207613,481938534.0983646
2022-01-30,445281892.752432,558417811.574187,501849852.1633095
2022-01-31,463012361.520648,578903958.2689542,520958159.8948011
2022-02-01,482381297.1575863,597362458.4576725,539871877.8076293
2022-02-02,502154816.5169973,611269679.0032108,556712247.7601041
2022-02-03,518922159.4777706,617809573.4712499,568365866.4745103
2022-02-04,530308860.9471935,615102419.0421153,572705639.9946544
2022-02-05,539845406.1708608,608430593.9558887,574138000.0633748
2022-02-06,546914250.4461057,600496346.7474158,573705298.5967607
2022-02-07,548995247.5189136,590788954.5099536,569892101.0144336
2022-02-08,546114889.4972107,579214596.8324342,562664743.1648225
2022-02-09,539633023.96735,566328082.6011801,552980553.284265
2022-02-10,533603028.67922366,555880514.8554889,544741771.7673563
2022-02-11,531367503.78984684,551113824.7819873,541240664.285917
2022-02-12,526468421.2214646,545435571.1082176,535951996.16484106
2022-02-13,514758500.0094812,534465767.82008207,524612133.91478163
2022-02-14,504546652.57455975,526264330.24877137,515405491.41166556
2022-02-15,498466357.7299692,523290488.9187853,510878423.32437724
2022-02-16,494464341.903404,523318677.36754215,508891509.6354731
2022-02-17,492009527.1597023,525697990.38776445,508853758.7737334
2022-02-18,492568511.30843306,531828501.2104652,512198506.2594491
2022-02-19,499252902.52759045,544435126.0002662,521844014.26392835
2022-02-20,514316400.80451167,565075950.7994314,539696175.8019716
2022-02-21,535030552.1844936,590596116.727592,562813334.4560428
2022-02-22,558444128.2643162,617962879.8115152,588203504.0379157
2022-02-23,581305451.0803357,644130089.1387745,612717770.1095551
2022-02-24,603606396.302691,669618513.4766119,636612454.8896514
2022-02-25,626150890.6079222,695403544.1124226,660777217.3601724
2022-02-26,648604454.2089243,721425765.0901945,685015109.6495594
2022-02-27,669799832.9421272,746460587.0418789,708130209.9920031
2022-02-28,688368470.0392481,768860362.5208458,728614416.2800469
2022-03-01,704930608.469882,789345627.7576306,747138118.1137563
2022-03-02,720649532.0196993,808453828.8705368,764551680.4451181
2022-03-03,735029417.0012383,825814918.4858356,780422167.743537
2022-03-04,748219911.3129517,841273914.1158448,794746912.7143983
2022-03-05,760672069.6525625,855331247.5418798,808001658.5972211
2022-03-06,772197292.1349928,868375457.3710659,820286374.7530293
2022-03-07,781185809.0068961,878798344.8197416,829992076.9133189
2022-03-08,782185072.0173634,882473172.2986218,832329122.1579926
2022-03-09,777187985.1147969,880729844.1634867,828958914.6391418
2022-03-10,772344984.3672762,878023006.0160089,825183995.1916425
2022-03-11,768496946.6287043,877129685.6991572,822813316.1639308
2022-03-12,764310743.4926775,877915864.7351072,821113304.1138923
2022-03-13,757466846.7200954,878173448.9698043,817820147.8449498
2022-03-14,747831535.8852179,880782935.1666734,814307235.5259457
2022-03-15,739006502.6187184,883874750.7818117,811440626.700265
2022-03-16,730721924.6735293,885459724.3207878,808090824.4971585
2022-03-17,722622394.5175914,884079900.3565599,803351147.4370756
2022-03-18,715923092.3193176,880825907.083519,798374499.7014183
2022-03-19,711380211.152402,877501238.3708726,794440724.7616373
2022-03-20,697727097.8406347,859649352.3830913,778688225.111863
2022-03-21,671637629.3991169,827860995.2388538,749749312.3189853
2022-03-22,640291699.3975377,792661645.8995018,716476672.6485198
2022-03-23,607501594.5046425,757522204.5034714,682511899.5040569
2022-03-24,570736439.5212522,721332554.3147871,646034496.9180197
2022-03-25,526136209.55175614,679479651.2200537,602807930.3859049
2022-03-26,478724492.531281,635516981.4973199,557120737.0143005
2022-03-27,434400519.5002414,594700862.049008,514550690.7746247
2022-03-28,393893452.980366,556588578.3755267,475241015.6779463
2022-03-29,352770297.8065228,514777632.847621,433773965.3270719
2022-03-30,305064344.47460204,462499234.1280466,383781789.3013243
2022-03-31,260875594.4141489,412239245.881487,336557420.14781797
2022-04-01,223710536.02139568,370322693.9304588,297016614.97592723
2022-04-02,191370074.7610808,338145083.90345436,264757579.33226758
2022-04-03,162999953.6856237,313791118.4480074,238395536.06681556
2022-04-04,140210673.61496377,293861868.92234915,217036271.26865646
2022-04-05,127567652.66327718,276116969.6996647,201842311.18147093
2022-04-06,129238235.22837302,259661770.3229455,194450002.77565926
2022-04-07,143878463.0098737,243584367.42726487,193731415.21856928
2022-04-08,162018739.48443735,228615932.68528396,195317336.08486065
2022-04-09,177647851.46563148,218720843.15896094,198184347.3122962
2022-04-10,188776504.68505818,215052292.3168186,201914398.5009384
2022-04-11,195222948.82412124,216803231.9302721,206013090.37719667
2022-04-12,197753622.5453719,221104080.47539163,209428851.51038176
2022-04-13,196597676.9847828,222801043.46027753,209699360.22253016
2022-04-14,190801309.75880545,219287559.7537564,205044434.75628093
2022-04-15,180929843.02216756,211271033.31953138,196100438.17084947
2022-04-16,169252131.785862,200916502.69182214,185084317.23884207
2022-04-17,158319643.54700693,190631402.34574744,174475522.9463772
2022-04-18,148786203.78113168,181094559.28215986,164940381.53164577
2022-04-19,140215019.84303176,172189487.823402,156202253.83321688
2022-04-20,132361301.66380155,164237448.26141596,148299374.96260875
2022-04-21,124760835.53226094,156823750.87303537,140792293.20264816
2022-04-22,115947426.1033873,148100824.78247598,132024125.44293164
2022-04-23,104862380.89045247,136622868.39371288,120742624.64208268
2022-04-24,93607804.92914441,124301078.08161661,108954441.50538051
2022-04-25,85418607.81437065,114429720.82579945,99924164.32008505
2022-04-26,80246777.09928395,107095151.59628232,93670964.34778313
2022-04-27,76261712.38215111,100518507.0874715,88390109.7348113
2022-04-28,72728844.50194485,93957234.08742492,83343039.29468489
2022-04-29,69672219.18106946,87686026.45826015,78679122.8196648
2022-04-30,66846697.74494415,82007229.02775633,74426963.38635024
2022-05-01,63744740.819142446,76774272.67145227,70259506.74529736
2022-05-02,60851547.55192654,72305969.87463422,66578758.71328038
2022-05-03,59183173.540052906,69219620.22063942,64201396.880346164
2022-05-04,59375783.87640977,67964072.70010479,63669928.28825728
2022-05-05,61097382.1841789,68387686.09704655,64742534.14061273
2022-05-06,62954602.74834548,69438776.92120332,66196689.8347744
2022-05-07,63894272.375076525,70239535.54642309,67066903.960749805
2022-05-08,63772062.041268766,70514808.56493852,67143435.30310364
2022-05-09,62752688.564585075,70187544.99451178,66470116.77954843
2022-05-10,61206406.55140079,69460896.72317429,65333651.63728754
2022-05-11,59913095.33064319,69027409.62531962,64470252.4779814
2022-05-12,59226041.681750946,69264219.58524004,64245130.63349549
2022-05-13,58255499.596942775,69669574.17692614,63962536.88693445
2022-05-14,55633008.706519336,69519699.35027066,62576354.028395
2022-05-15,50472921.39185103,67868476.34419616,59170698.86802359
2022-05-16,42915952.20160058,64426578.826725945,53671265.51416326
2022-05-17,34816149.60105541,61009357.936604634,47912753.76883002
2022-05-18,30412800.004189305,61717444.42913649,46065122.2166629
2022-05-19,31038233.166203067,67557714.76384309,49297973.96502308
2022-05-20,32096253.993033636,74336220.823927,53216237.40848032
2022-05-21,30333791.664389268,79896619.87533768,55115205.76986347
2022-05-22,24647977.110180024,84046274.0524551,54347125.58131756
2022-05-23,20186263.625209898,90912144.13677025,55549203.88099007
2022-05-24,16729120.518493779,98652531.01440647,57690825.76645013
2022-05-25,13676355.166994393,106738835.39606027,60207595.28152733
2022-05-26,10746843.924361184,115028147.14388223,62887495.53412171
2022-05-27,7782196.675558284,123411477.46533425,65596837.07044627
2022-05-28,4654545.648812972,131776087.95620647,68215316.80250973
2022-05-29,1290418.069156289,140047980.15012917,70669199.10964273
2022-05-30,0.0,148208736.24381268,72943357.87452094
2022-05-31,0.0,156296162.49846765,75081374.3963007
2022-06-01,,,
